adcode,name,lon,lat,province_adcode,suggestion_count,density,sample_hotels
110000,北京市,116.4074,39.9042,110000,10,10+,北京国贸中心团结湖亚朵酒店；北京临空新国展亚朵酒店；北京国贸CBD华贸中心亚朵酒店；北京天坛左安门亚朵酒店；北京鼓楼后海亚朵酒店；北京国贸地铁站双井亚朵酒店；北京潘家园十里河亚朵酒店；北京南站右安门桥亚朵酒店；北京鸟巢奥体中心亚朵酒店；北京中关村学院桥地铁站亚朵酒店
120000,天津市,117.2000,39.1333,120000,10,10+,天津南开鼓楼亚朵酒店；天津津湾广场五大道公园亚朵酒店；天津大学海光寺亚朵酒店；天津之眼亚朵酒店；天津站津湾广场亚朵酒店；天津空港滨海国际机场亚朵酒店；天津中北工业园新科道亚朵酒店；天津大学鞍山西道地铁站亚朵酒店；天津奥体中心环湖中路亚朵酒店；天津之眼新开河地铁站亚朵酒店
130100,石家庄市,114.502461,38.045474,130000,10,10+,石家庄站西广场亚朵酒店；石家庄裕华东二环亚朵酒店；石家庄万象城艺术中心亚朵酒店；石家庄站东广场亚朵酒店；石家庄长安万达中山东路亚朵酒店；石家庄站槐安东路亚朵酒店；石家庄站建设南大街亚朵酒店；石家庄北国商城南三条步行街亚朵酒店；石家庄鹿泉君乐宝路亚朵酒店；石家庄长安万达朝晖桥亚朵酒店
130200,唐山市,118.175393,39.635113,130000,2,1-9,唐山会展中心亚朵轻居酒店(建设路店)-停车场；唐山会展中心亚朵轻居酒店(建设路店)停车场-出入口
130300,秦皇岛市,119.586579,39.942531,130000,9,1-9,秦皇岛南戴河仙螺岛林海道亚朵酒店；秦皇岛站迎宾路亚朵酒店；秦皇岛站北港大街亚朵酒店；秦皇岛山海关古城关城南路亚朵酒店；秦皇岛北戴河洲顿亚朵酒店；秦皇岛金梦海湾兴龙香玺海亚朵见野酒店；亚朵酒店(秦皇岛南戴河仙螺岛店)会议厅；秦皇岛南戴河仙螺岛林海道亚朵酒店-地上停车场；亚朵酒店(秦皇岛北戴河洲顿店)-地上停车场
130400,邯郸市,114.490686,36.612273,130000,9,1-9,邯郸东站万象汇亚朵酒店；邯郸新世纪丛台公园亚朵酒店；邯郸东站万象汇亚朵酒店-地下停车场；邯郸新世纪丛台公园亚朵酒店-地下停车场；邯郸东站万象汇亚朵酒店地下停车场-入口；邯郸新世纪丛台公园亚朵酒店地下停车场-入口；特来电充电站(邯郸东站万象汇亚朵酒店充电站)；陌上轻居酒店(邯郸丛台火车站店)；途客中国轻居酒店(邯郸冀南新区科创城店)
130500,邢台市,114.508851,37.0682,130000,4,1-9,邢台天一广场德龙中心亚朵酒店；紫金亚朵酒店；亚朵酒店-地下停车场；亚朵酒店地下停车场-出入口
130600,保定市,115.482331,38.867657,130000,3,1-9,保定万博广场东风中路亚朵酒店；保定东站河大新校区亚朵酒店；保定万博广场东风中路亚朵酒店-地下停车场
130700,张家口市,114.884091,40.811901,130000,6,1-9,亚朵酒店(张家口高铁站市民中心店)；亚朵酒店(张家口市政府清水河南路店)；涿鹿亚朵酒店(合符大街店)；亚朵酒店(张家口市政府清水河南路店)-地上停车场；亚朵酒店-地下停车场；亚朵酒店(张家口市政府清水河南路店)地上停车场-出入口
130800,承德市,117.939152,40.976204,130000,2,1-9,承德避暑山庄火神庙亚朵酒店；承德避暑山庄火神庙亚朵酒店-西南门
130900,沧州市,116.857461,38.310582,130000,2,1-9,亚朵酒店(裕华中路店)停车场-出入口；途客轻居酒店(泊头火车站店)
131000,廊坊市,116.704441,39.523927,130000,8,1-9,廊坊万达广场西昌路亚朵酒店；廊坊站光明桥亚朵酒店；三河燕郊开发区燕郊站亚朵酒店；亚朵酒店廊坊高铁站店大堂；廊坊高铁站亚朵酒店-地上停车场；廊坊高铁站亚朵酒店地上停车场-出入口；三河燕郊开发区高铁站亚朵酒店-地上停车场；TUKE丨途客中国轻居酒店(廊坊香河家具城店)
131100,衡水市,115.665993,37.735097,130000,4,1-9,衡水中学人民东路亚朵酒店；亚朵酒店；衡水人民路亚朵酒店(衡水人民路店)-门前停车场；衡水人民路亚朵酒店(衡水人民路店)门前停车场-入口
140100,太原市,112.549248,37.857014,140000,10,10+,太原滨河学府街亚朵酒店；太原IF PARK国金中心长治路亚朵酒店；太原南站晋阳街亚朵酒店；太原东峰路朝阳街亚朵酒店；太原晋祠路山西博物院亚朵酒店；太原南站体育路亚朵酒店；太原昌盛万达龙盛街亚朵酒店；太原迎泽区南内环地铁站亚朵酒店；太原山西博物院理工大学亚朵酒店；太原长风商务区万象城亚朵酒店
140200,大同市,113.295259,40.09031,140000,8,1-9,大同东信广场亚朵酒店；大同南站万达广场亚朵酒店；大同平城西环路亚朵酒店；大同东信广场亚朵酒店·餐厅；大同东信广场亚朵酒店(大同东信广场店)西侧-门前停车场；大同东信广场亚朵酒店(大同东信广场店)西侧门前停车场-入口；大同东信广场亚朵酒店-北门；大同东信广场亚朵酒店(大同东信广场店)西侧门前停车场-出口
140300,阳泉市,113.583285,37.861188,140000,0,0,
140400,长治市,113.113556,36.191112,140000,1,1-9,长治高铁东站威远门北路亚朵酒店
140500,晋城市,112.851274,35.497553,140000,6,1-9,晋城开发区兰花路亚朵酒店；晋城文体宫泽州路亚朵酒店；晋城高平高铁东站智创城亚朵酒店；晋城泽州路亚朵酒店大堂；晋城开发区兰花路亚朵酒店大堂(政务中心店)；高平高铁东站亚朵酒店大堂
140600,朔州市,112.433387,39.331261,140000,1,1-9,途客轻居酒店(朔州师范山西工学院店)
140700,晋中市,112.736465,37.696495,140000,5,1-9,晋中榆次大学城亚朵酒店；晋中榆次印象城亚朵酒店；介休北坛西路同文学院亚朵酒店；平遥古城太和门亚朵酒店；兖充电亚朵酒店充电站
140800,运城市,111.003957,35.022778,140000,2,1-9,运城博物馆铺安街亚朵酒店；亚朵酒店停车场
140900,忻州市,112.733538,38.41769,140000,5,1-9,亚朵酒店(忻州古城店)；忻州古城酒吧街亚朵酒店；忻州西站雁门西大道亚朵酒店；陌上轻居酒店(忻州开来购物广场店)；五台山五爷庙金界里亚朵见野酒店
141000,临汾市,111.517973,36.08415,140000,7,1-9,侯马新田广场亚朵酒店；临汾金海湾艺术中心向阳西路亚朵轻居酒店；临汾金海湾艺术中心向阳西路亚朵酒店；临汾金海湾艺术中心亚朵酒店·自助餐厅；蔚来充电站(临汾金海湾亚朵酒店站)；临汾车站街亚朵酒店(临汾车站街店)-停车场；临汾车站街亚朵酒店(临汾车站街店)停车场-出入口
141100,吕梁市,111.134335,37.524366,140000,3,1-9,吕梁中央公园亚朵酒店；吕梁交城南环路亚朵酒店；云快充充电站(吕梁市中央公园亚朵酒店充电站(新))
150100,呼和浩特市,111.670801,40.818311,150000,10,10+,呼和浩特青城之眼银河南街亚朵酒店；呼和浩特国际会展中心大学东街亚朵酒店；呼和浩特东站内蒙古博物院亚朵酒店；呼和浩特摩尔城新华大街亚朵酒店；呼和浩特万达广场新华大街亚朵酒店；呼和浩特大召寺海亮广场亚朵酒店；呼和浩特满都海公园乌兰察布西街亚朵酒店；呼和浩特大召寺宝尔汗佛塔亚朵酒店；呼和浩特万象城锡林郭勒南路亚朵酒店；呼和浩特和林格尔数聚小镇亚朵酒店
150200,包头市,109.840405,40.658168,150000,4,1-9,包头国际会展中心亚朵酒店；包头稀土高新亚朵酒店；亚朵酒店(包头国际会展中心店)-门前停车场；亚朵酒店(包头国际会展中心店)门前停车场-入口
150300,乌海市,106.825563,39.673734,150000,0,0,
150400,赤峰市,118.956806,42.275317,150000,5,1-9,赤峰红山区商业步行街亚朵酒店；赤峰红山万达广场体育中心亚朵酒店；亚朵酒店-停车场；昆仑网电汽车充电站(亚朵酒店红山体育中心店站)；特来电充电站(赤峰亚朵酒店充电站)
150500,通辽市,122.263119,43.617429,150000,3,1-9,通辽万达广场西拉木伦大街亚朵酒店；通辽站民航路亚朵酒店；亚朵主题电竞宾馆(老哈河大街店)
150600,鄂尔多斯市,109.99029,39.817179,150000,5,1-9,鄂尔多斯东胜区青铜广场亚朵酒店；鄂尔多斯东胜区全民健身中心亚朵酒店；亚朵酒店(鑫隆综合商务楼店)-地上停车场；亚朵酒店(鑫隆综合商务楼店)地上停车场-入口；鄂尔多斯东胜区青铜广场亚朵酒店(鑫隆综合商务楼店)地上停车场-出口
150700,呼伦贝尔市,119.758168,49.215333,150000,0,0,
150800,巴彦淖尔市,107.416959,40.757402,150000,0,0,
150900,乌兰察布市,113.114543,41.034126,150000,6,1-9,乌兰察布站达尔登大道亚朵酒店；乌兰察布维多利广场建设路亚朵酒店；小桔充电充电站(乌兰绿能亚朵酒店充电站)；乌兰察布高铁站亚朵酒店-地上停车场；乌兰察布高铁站亚朵酒店地上停车场-出入口；牧云吉内蒙特产超市(亚朵酒店民建路店)
152200,兴安盟,122.070317,46.076268,150000,0,0,
152500,锡林郭勒盟,116.090996,43.944018,150000,3,1-9,锡林浩特杭盖路亚朵酒店；锡林浩特杭盖路亚朵酒店(润宇商业广场店)地上停车场-出入口；锡林浩特杭盖路亚朵酒店(润宇商业广场店)-地上停车场
152900,阿拉善盟,105.706422,38.844814,150000,0,0,
210100,沈阳市,123.429096,41.796767,210000,10,10+,沈阳浑南区沈抚大道亚朵酒店；沈阳中德产业园沈辽路亚朵酒店；沈阳长白岛亚朵酒店；沈阳浑南奥体中心亚朵酒店；沈阳太原街民主广场亚朵酒店；沈阳南塔文化路亚朵酒店；沈阳站医大一院亚朵酒店；沈阳青年大街金廊亚朵酒店；沈阳中街故宫玫瑰亚朵酒店；沈阳和平大街方型广场亚朵酒店
210200,大连市,121.618622,38.91459,210000,10,10+,亚朵酒店(大连瓦房店市政府世纪广场店)；大连旅顺口中心广场亚朵酒店；大连开发区古耕亚朵酒店；大连中山广场亚朵酒店；大连机场迎客路亚朵酒店；大连高新万达广场海事大学亚朵酒店；大连开发区金马路亚朵酒店；大连火车站青泥洼桥地铁站亚朵酒店；大连星海广场圣亚海洋世界亚朵轻居酒店；大连庄河黄海广场延安路亚朵酒店
210300,鞍山市,122.995632,41.110626,210000,1,1-9,鞍山站人民公园亚朵酒店
210400,抚顺市,123.921109,41.875956,210000,1,1-9,抚顺南站罕王亚朵酒店
210500,本溪市,123.770519,41.297909,210000,1,1-9,本溪亚朵酒店有限公司(地工路精选分店)
210600,丹东市,124.383044,40.124296,210000,4,1-9,丹东万达广场安东老街亚朵酒店；丹东火车站鸭绿江断桥亚朵酒店；丹东火车站鸭绿江断桥亚朵酒店(滨江中路店)-门前停车场；特来电充电站(特来电丹东亚朵酒店万达店充电站)
210700,锦州市,121.135742,41.119269,210000,7,1-9,锦州渤海大学市府广场亚朵酒店；锦州古塔北京路亚朵酒店；锦州中央大街解放路亚朵酒店；亚朵酒店-停车场；云快充汽车充电站(盛博安超充亚朵酒店站)；亚朵民宿(重庆路分店)；星星充电充电站(亚朵酒店站)
210800,营口市,122.235151,40.667432,210000,1,1-9,亚朵温泉别墅(思拉堡温泉小镇店)
210900,阜新市,121.648962,42.011796,210000,1,1-9,亚朵SELF酒店公寓(银座店)
211000,辽阳市,123.18152,41.269402,210000,2,1-9,辽阳万达广场亚朵酒店；亚朵酒店大堂
211100,盘锦市,122.06957,41.124484,210000,0,0,
211200,铁岭市,123.844279,42.290585,210000,0,0,
211300,朝阳市,120.451176,41.576758,210000,1,1-9,朝阳客运站友谊大街亚朵酒店
211400,葫芦岛市,120.856394,40.755572,210000,0,0,
220100,长春市,125.3245,43.886841,220000,10,10+,亚朵酒店(长春人民大街市政府店)；长春国际会展中心生态广场亚朵酒店；长春会展中心东南湖大路亚朵酒店；长春硅谷大街中商世界里亚朵酒店；长春东方广场佳泰亚朵酒店；长春西湖大路车城万达亚朵酒店；长春光谷大街欧亚卖场亚朵S酒店；长春高新栖乐荟硅谷大街亚朵酒店；长春解放大路吉大一院亚朵酒店；长春红旗街这有山亚朵酒店
220200,吉林市,126.55302,43.843577,220000,1,1-9,亚朵酒店(吉林市政府北京路店)
220300,四平市,124.370785,43.170344,220000,1,1-9,四平中央东路万达广场亚朵酒店
220400,辽源市,125.145349,42.902692,220000,0,0,
220500,通化市,125.936501,41.721177,220000,3,1-9,梅河口东北不夜城海龙湖亚朵酒店；梅河口东北不夜城海龙湖亚朵酒店-地上停车场；梅河口东北不夜城海龙湖亚朵酒店地上停车场-出入口
220600,白山市,126.427839,41.942505,220000,0,0,
220700,松原市,124.823608,45.118243,220000,0,0,
220800,白城市,122.841114,45.619026,220000,0,0,
222400,延边朝鲜族自治州,129.513228,42.904823,220000,7,1-9,延吉延边大学网红墙梨花路亚朵酒店；延吉百货大楼西市场亚朵X酒店；长白山二道白河云顶市集亚朵酒店；珲春欧式街新安路亚朵酒店；长白山北坡集散中心二道白河亚朵酒店；延吉百货大楼西市场亚朵X酒店大堂；能效邻里共享汽车充电站(亚朵充电站)
230100,哈尔滨市,126.642464,45.756967,230000,10,10+,亚朵酒店(哈尔滨站省博物馆店)；哈尔滨医大一院南岗区政府亚朵酒店；哈尔滨冰雪大世界融创茂亚朵酒店；哈尔滨会展中心红旗大街亚朵酒店；哈尔滨冰雪大世界龙川路地铁站亚朵酒店；哈尔滨中央大街亚朵酒店；哈尔滨会展中心农垦亚朵酒店；哈尔滨哈西理工大学地铁站亚朵酒店；哈尔滨索菲亚教堂田地街亚朵酒店；哈尔滨群力丁香公园地铁站亚朵酒店
230200,齐齐哈尔市,123.95792,47.342081,230000,1,1-9,亚朵商务酒店
230300,鸡西市,130.975966,45.300046,230000,0,0,
230400,鹤岗市,130.277487,47.332085,230000,0,0,
230500,双鸭山市,131.157304,46.643442,230000,0,0,
230600,大庆市,125.11272,46.590734,230000,2,1-9,大庆亚朵精品酒店；大庆让胡路区亚朵精品酒店
230700,伊春市,128.899396,47.724775,230000,0,0,
230800,佳木斯市,130.361634,46.809606,230000,2,1-9,亚朵酒店(佳木斯市政府万达广场店)；佳木斯站新玛特亚朵酒店
230900,七台河市,131.015584,45.771266,230000,0,0,
231000,牡丹江市,129.618602,44.582962,230000,1,1-9,牡丹江站东一步行街亚朵酒店
231100,黑河市,127.499023,50.249585,230000,0,0,
231200,绥化市,126.99293,46.637393,230000,0,0,
232700,大兴安岭地区,124.711526,52.335262,230000,0,0,
310000,上海市,121.4737,31.2304,310000,10,10+,上海陆家嘴浦东南路亚朵酒店；上海闵行工业园亚朵酒店；上海莘庄亚朵酒店；上海新国际博览中心龙阳路亚朵酒店；上海静安大宁国际亚朵酒店；上海南站石龙路亚朵酒店；上海黄浦新天地地铁站亚朵酒店；上海陆家嘴八佰伴亚朵酒店；上海五角场殷高西路地铁站亚朵酒店；上海五角场大柏树亚朵酒店
320100,南京市,118.767413,32.041544,320000,10,10+,南京夫子庙亚朵酒店；南京江宁湖山路亚朵酒店；南京总统府中山东路亚朵酒店；南京奥体国际博览中心亚朵酒店；南京玄武湖玄武门亚朵酒店；南京鼓楼中山北路亚朵酒店；南京江宁航空航天大学亚朵酒店；南京夫子庙银桥亚朵酒店；南京博物院航空航天大学亚朵酒店；南京江宁滨江开发区石刻湖亚朵酒店
320200,无锡市,120.301663,31.574729,320000,10,10+,无锡海岸城市民中心地铁站亚朵酒店；无锡鼋头渚风景区钱荣路亚朵酒店；无锡东站南广场亚朵酒店；无锡鼋头渚风景区梅园太湖新光亚朵酒店；无锡梁溪区惠山古镇景区亚朵酒店；无锡东站映月湖公园地铁站亚朵酒店；无锡鼋头渚风景区万象城亚朵酒店；无锡新区长江北路亚朵酒店；无锡滨湖万象汇蠡溪路亚朵酒店；无锡江南大学长广溪地铁站亚朵酒店
320300,徐州市,117.184811,34.261792,320000,10,10+,亚朵酒店(徐州云龙市政府店)；徐州云龙湖珠山景区亚朵酒店；徐州睢宁公园永安路亚朵酒店；徐州彭城广场淮海西路亚朵酒店；徐州东站西广场亚朵酒店；徐州创拓奥梵矿业大学亚朵酒店；邳州东站亚朵酒店(市政府店)；徐州云龙万达广场庆丰路亚朵酒店；徐州彭城广场黄河北路亚朵酒店；徐州彭城广场户部山亚朵酒店
320400,常州市,119.946973,31.772752,320000,10,10+,常州新北亚朵酒店(中华恐龙园店)；常州奥体中心亚朵酒店(环球恐龙城店)；常州武进科教城亚朵酒店；常州火车站南大街亚朵酒店；常州金坛区政府亚朵X酒店；常州钟楼白云路亚朵酒店；溧阳市区高铁站亚朵酒店；常州武进吾悦广场人民中路亚朵酒店；常州春秋淹城武进市民广场亚朵酒店；常州新北薛家亚朵酒店
320500,苏州市,120.619585,31.299379,320000,10,10+,苏州吴中太湖新城亚朵酒店；苏州金鸡湖博览中心亚朵酒店；苏州石路山塘街亚朵酒店；苏州吴江新都汇亚朵酒店；苏州观前街亚朵酒店；苏州木渎古镇风景区寿桃湖亚朵酒店；苏州北寺塔桃花坞大街亚朵酒店；苏州观前街东中市亚朵酒店；苏州独墅湖高教区星湖街亚朵酒店；苏州吴江吾悦广场开平路亚朵酒店
320600,南通市,120.864608,32.016212,320000,10,10+,南通开发区中心亚朵酒店；南通通州金沙亚朵酒店；南通火车站万象城亚朵酒店；南通海门长江路亚朵酒店；南通龙信广场江海大道亚朵酒店；南通星湖101亚朵酒店；南通中央商务区金砖亚朵酒店；南通开发区永旺梦乐城亚朵酒店；海安通海大厦曙光西路亚朵酒店；如东中央广场江海东路亚朵酒店
320700,连云港市,119.178821,34.600018,320000,9,1-9,连云港高铁站亚朵酒店；连云港海州区万达广场亚朵酒店；连云港苏宁广场万润街亚朵酒店；连云港赣榆区政府广场亚朵酒店；连云港海洋大学苍梧路亚朵酒店；连云港政务中心花果山大道亚朵酒店；连云港连云区嘉瑞宝广场亚朵酒店；连云港赣榆万达广场华中路亚朵酒店；连云港徐圩新区政务中心亚朵酒店
320800,淮安市,119.021265,33.597506,320000,10,10+,亚朵酒店(洪泽湖大道店)；淮安苏宁广场大治路亚朵酒店；淮安大学城阳光湖亚朵酒店；亚朵酒店(通甫路店)；淮安宝龙商业街水渡口大道亚朵酒店；淮安经开区迎宾大道亚朵酒店；淮安河下古镇翔宇大道亚朵酒店；盱眙尅街山水大道亚朵酒店；亚朵酒店(盱眙尅街山水大道店)-地下停车场；亚朵淮味餐厅(大治路店)
320900,盐城市,120.139998,33.377631,320000,4,1-9,亚朵酒店(盐城市政府金鹰聚龙湖店)；盐城经开区国际会展中心亚朵酒店；盐城东台望海西路亚朵酒店；盐城大丰新词广场亚朵酒店
321000,扬州市,119.421003,32.393159,320000,9,1-9,扬州万达广场江阳西路亚朵酒店；扬州东关街个园亚朵酒店；扬州瘦西湖维扬路亚朵X酒店；仪征真州万年北路亚朵酒店；扬州邗江蜀冈万达广场亚朵酒店；高邮服装城亚朵酒店；扬州东关街非遗珍宝馆亚朵酒店；扬州东站李宁体育公园亚朵X酒店；扬州瘦西湖文昌中路亚朵酒店
321100,镇江市,119.452753,32.204402,320000,6,1-9,镇江金山寺景区长江路亚朵X酒店；镇江西津渡金山寺风景区亚朵酒店；镇江火车站南徐大道亚朵酒店；南京仙林大道仙林湖地铁站亚朵酒店；丹阳火车站眼镜城亚朵酒店；镇江西津渡金山寺风景区亚朵酒店-大堂
321200,泰州市,119.915176,32.484882,320000,9,1-9,亚朵酒店(泰州市政府梅兰东路店)；泰州老街茂业天地亚朵酒店；泰州老街亚朵酒店；泰州万象城青年南路亚朵酒店；泰州老街柳园亚朵酒店；泰州海陵迎春东路亚朵酒店；靖江吾悦广场中洲路亚朵酒店；泰兴市鼓楼新天地亚朵酒店；兴化戴南新泽路亚朵酒店
321300,宿迁市,118.275162,33.963008,320000,9,1-9,亚朵酒店(宿迁市政府店)；亚朵酒店；宿迁项王故里发展大道亚朵酒店；宿迁苏宿工业园区亚朵酒店；宿迁经开区人民大道亚朵酒店；宿迁西湖路金鹰广场亚朵酒店；亚朵酒店(宿迁工业园区吾悦广场店)；泗阳上海路亚朵酒店(海尚臻品苑店)；亚朵酒店(宿迁工业园区吾悦广场店)-地下停车场
330100,杭州市,120.153576,30.287459,330000,10,10+,杭州西湖河坊街亚朵酒店；杭州西湖湖滨平海路亚朵酒店；杭州西湖文化广场亚朵酒店；杭州浙大城市学院西联桥亚朵酒店；杭州西湖亚朵音乐酒店；杭州西湖区西投银泰城亚朵酒店；杭州西湖科技园池华街亚朵酒店；杭州浙大华家池凤起东路亚朵酒店；杭州滨江奥体亚朵酒店；杭州未来科技城湖畔创研中心亚朵酒店
330200,宁波市,121.549792,29.868388,330000,10,10+,宁波宁海西子国际亚朵酒店；宁波国际会展中心亚朵酒店；宁波国际会展中心文化广场亚朵酒店；宁波机场鄞州大道亚朵酒店；宁波鄞州印象城亚朵酒店；宁波高新区江南路亚朵酒店；宁波天一广场鼓楼地铁站亚朵酒店；宁波象山滨海大道亚朵酒店；宁波老外滩绿地中心亚朵酒店；宁波慈城古镇走马街广场亚朵酒店
330300,温州市,120.672111,28.000575,330000,8,1-9,温州瓯海万象城亚朵酒店；温州印象城市府路亚朵酒店；温州五马街步行街亚朵酒店；温州国际机场奥体中心地铁站亚朵酒店；温州乐清南虹广场旭阳路亚朵酒店；温州南站银泰百货亚朵见野酒店；温州国际机场奥体中心地铁站亚朵酒店(温州国际机场奥体中心地铁站店)-地上停车场；温州南站银泰百货亚朵酒店-地上停车场
330400,嘉兴市,120.750865,30.762653,330000,10,10+,嘉兴海盐经济开发区亚朵酒店；嘉兴南湖世贸中心亚朵酒店；嘉兴南湖天地亚朵酒店；嘉兴南湖八佰伴亚朵酒店；嘉善大众广场世纪大道亚朵酒店；海宁皮革城南关厢亚朵酒店；乌镇新华南路亚朵酒店；海盐吾悦广场海丰西路亚朵酒店；嘉善万联广场世纪大道亚朵酒店；平湖东湖体育馆亚朵酒店
330500,湖州市,120.102398,30.867198,330000,10,10+,湖州南浔古镇亚朵酒店；湖州行政中心太湖路亚朵酒店；湖州织里行政中心亚朵酒店；湖州德清莫干山亚朵酒店；湖州长兴利时广场中央大道亚朵酒店；安吉万象世界体育馆路亚朵酒店；湖州吴兴东部新城亚朵酒店；湖州东吴银泰城南街亚朵酒店；德清站天安云谷亚朵酒店；安吉九州昌硕广场亚朵见野酒店
330600,绍兴市,120.582112,29.997117,330000,9,1-9,绍兴鲁迅故里亚朵酒店；绍兴柯桥轻纺城亚朵酒店；绍兴柯桥滨海商业中心亚朵酒店；绍兴鲁迅故里大悦城亚朵酒店；绍兴新昌海创大厦新北路亚朵酒店；绍兴鲁迅故里世茂广场亚朵酒店；绍兴嵊州吾悦广场兴盛街亚朵酒店；绍兴上虞e游小镇亚朵酒店；绍兴镜湖亚朵篮球酒店
330700,金华市,119.649506,29.089524,330000,10,10+,亚朵酒店(金华火车站古子城店)；金华世贸城市广场八一南街亚朵酒店；金华职业大学金帆街亚朵酒店；金华万达广场多湖里亚朵酒店；东阳市中心人民路地铁站亚朵酒店；义乌国际商贸城稠州北路亚朵酒店；义乌国际商贸城诚信大道亚朵酒店；义乌之心绣湖公园亚朵酒店；金华武义古城壶山广场亚朵酒店；义乌国际商贸城全球数贸中心亚朵酒店
330800,衢州市,118.87263,28.941708,330000,7,1-9,衢州站万达广场亚朵酒店；衢州西站体育中心亚朵酒店；衢州江山城南东方广场莲华山大道亚朵酒店；衢州南孔亚朵酒店；衢州水亭门新桥街亚朵酒店；衢州龙游凤翔洲公园荣昌大道亚朵酒店；衢州南孔亚朵酒店西南侧-停车场
330900,舟山市,122.106863,30.016028,330000,8,1-9,亚朵酒店(舟山嵊泗岛沁公园店)；舟山临城新区新城大道亚朵酒店；舟山岱山客运中心长河路亚朵酒店；舟山普陀朱家尖南沙景区亚朵酒店；舟山定海古城解放西路亚朵酒店；舟山普陀半升洞码头亚朵酒店；舟山定海人民南路轻居酒店；舟山普陀半升洞码头亚朵酒店-地下停车场
331000,台州市,121.428599,28.661378,330000,10,10+,台州椒江学院路亚朵酒店；台州市府大道亚朵酒店(市政府店)；台州临海亚朵酒店；台州黄岩永宁亚朵酒店；台州天台客运中心新城广场亚朵酒店；台州椒江体育中心亚朵酒店；台州临海头门港新区吉利广场亚朵酒店；台州临海台州学院柏叶中路亚朵酒店；台州路桥银安街亚朵酒店；温岭耀达万昌中路亚朵酒店
331100,丽水市,119.921786,28.451993,330000,3,1-9,丽水万地广场体育中心亚朵酒店；丽水龙泉青瓷博物馆剑川大道亚朵酒店；复大兴青瓷主题餐厅(亚朵酒店隔壁)
340100,合肥市,117.283042,31.86119,340000,10,10+,合肥瑶海和平路亚朵酒店；合肥南站亚朵酒店；合肥京商商贸城铜陵北路亚朵酒店；合肥高新科学大道亚朵酒店；合肥中央公园上海路亚朵酒店；合肥融创乐园高速滨湖时代广场亚朵酒店；合肥滨湖云谷金融城亚朵酒店；合肥滨湖银泰城云谷路亚朵酒店；合肥庐阳万象汇亚朵酒店；合肥北城万达庐州天街亚朵酒店
340200,芜湖市,118.376451,31.326319,340000,5,1-9,芜湖星悦广场龙湖路亚朵酒店；芜湖火车站安徽工程大学亚朵酒店；芜湖中山路步行街九华中路亚朵酒店；芜湖中山路步行街鸠兹广场亚朵X酒店；芜湖方特乐园政务文化中心轻居酒店
340300,蚌埠市,117.363228,32.939667,340000,3,1-9,蚌埠市中心胜利中路亚朵酒店；亚朵酒店(电商大厦店)；蚌埠张公山东海大道亚朵酒店
340400,淮南市,117.018329,32.647574,340000,2,1-9,淮南火车站商贸文化广场亚朵酒店；神州租车(淮南火车站亚朵酒店自助点)
340500,马鞍山市,118.507906,31.689362,340000,6,1-9,马鞍山市政广场太白大道亚朵酒店；马鞍山市中心东站亚朵酒店；马鞍山市中心东站亚朵酒店(荣璟台店)-地上停车场；马鞍山东站亚朵酒店(荣璟台店)-门前停车场；马鞍山市中心东站亚朵酒店(荣璟台店)地上停车场-出入口；马鞍山东站亚朵酒店(荣璟台店)门前停车场-出入口
340600,淮北市,116.794664,33.971707,340000,2,1-9,淮北政府广场亚朵酒店；亚朵酒店-地下停车场
340700,铜陵市,117.816576,30.929935,340000,2,1-9,铜陵北斗星城北京西路亚朵酒店；特来电充电站(特来电铜陵亚朵酒店充电站)
340800,安庆市,117.043551,30.50883,340000,2,1-9,安庆新城吾悦广场皖江大道亚朵酒店；安庆市政务中心七街亚朵酒店
341000,黄山市,118.317325,29.709239,340000,6,1-9,黄山风景区换乘中心汤口亚朵酒店；黄山风景区南大门换乘中心亚朵酒店；黄山屯溪老街滨江西路亚朵酒店；黄山屯溪新安江畔亚朵酒店；黄山风景区南大门逍遥溪换乘中心亚朵酒店；黄山黟县宏村风景区游客中心亚朵酒店
341100,滁州市,118.316264,32.303627,340000,5,1-9,滁州苏滁高新区时代金街亚朵X酒店；天长千秋大道汽车客运中心亚朵酒店；亚朵火酒店；天长千秋大道汽车客运中心亚朵酒店-地上停车场；天长千秋大道汽车客运中心亚朵酒店地上停车场-出入口
341200,阜阳市,115.819729,32.896969,340000,1,1-9,阜阳颍州万达广场颍州南路亚朵酒店
341300,宿州市,116.984084,33.633891,340000,8,1-9,宿州政务中心银河一路亚朵酒店；宿州万达广场银河四路亚朵酒店；宿州苏宁广场汴河中路亚朵酒店；亚朵酒店-地下停车场；蔚景云充电站(宿州苏宁广场亚朵酒店)；亚朵酒店(宿州万达广场银河四路店)-地上停车场；宿州万达广场银河四路亚朵酒店-地下停车场；亚朵酒店(宿州万达广场银河四路店)地上停车场-出入口
341500,六安市,116.507676,31.752889,340000,2,1-9,六安明珠广场解放中路亚朵酒店；六安火车站星河解放广场亚朵酒店
341600,亳州市,115.782939,33.869338,340000,1,1-9,亳州亿都国际商城芍花路亚朵酒店
341700,池州市,117.489157,30.656037,340000,9,1-9,池州火车站齐山大道亚朵酒店；九华山风景区佛光大道亚朵酒店；池州站齐山平天湖景区轻居酒店；池州火车站齐山大道亚朵酒店(池州火车站齐山大道店)-地上停车场；达克云充电站(池州市亚朵酒店)；池州火车站齐山大道亚朵酒店(池州火车站齐山大道店)地上停车场-入口；池州火车站齐山大道亚朵酒店(池州火车站齐山大道店)地上停车场-北出入口；池州火车站齐山大道亚朵酒店(池州火车站齐山大道店)地上停车场-南出入口；亚朵酒店(九华山风景区佛光大道店)西侧-门前停车场
341800,宣城市,118.757995,30.945667,340000,6,1-9,宣城万达广场景德路亚朵酒店；广德夫子庙广场绥安路亚朵酒店；宁国财富中心青龙西路亚朵酒店；宣城万达广场景德路亚朵酒店-地下停车场；广德夫子庙广场绥安路亚朵酒店-地下停车场；广德夫子庙广场绥安路亚朵酒店地下停车场-出入口
350100,福州市,119.306239,26.075302,350000,10,10+,福州金融街万达连江中路亚朵酒店；福州仓山万达奥体中心亚朵酒店；福州上下杭达道地铁站亚朵酒店；福州火车站地铁站华林路亚朵酒店；福州金融街万达鳌峰路亚朵酒店；福州大学城永嘉天地亚朵酒店；福州华林路斗门地铁站亚朵酒店；福州马尾自贸区东方名城亚朵酒店；福清清昌大道利桥古街亚朵酒店；福州金融街万达光明港地铁站亚朵酒店
350200,厦门市,118.11022,24.490474,350000,10,10+,厦门机场五缘湾亚朵酒店；厦门高崎机场成功大道亚朵酒店；厦门集美大学亚朵酒店；厦门建业路地铁站东渡客运码头亚朵酒店；厦门翔安火炬产业园亚朵酒店；厦门高崎机场云顶北路亚朵S酒店；厦门集美学村嘉庚体育馆亚朵酒店；厦门湖里宝龙一城亚朵酒店；厦门会展中心海景别墅亚朵酒店；厦门中山路将军祠亚朵酒店
350300,莆田市,119.007558,25.431011,350000,3,1-9,莆田兴化府文献东路亚朵酒店；莆田城厢万达广场荔城大道亚朵酒店；亚朵酒店(天下寻宝工艺中心店)
350400,三明市,117.635001,26.265444,350000,0,0,
350500,泉州市,118.589421,24.908853,350000,10,10+,泉州鲤城滨江城市广场亚朵酒店；泉州宝洲路宏昌亚朵酒店；泉州德化万达广场浔南西路亚朵酒店；泉州蟳埔村渔人码头亚朵酒店；泉州晋江万达广场阳光路亚朵酒店；泉州古城丰泽广场亚朵酒店；泉州古城刺桐北路亚朵酒店；泉州浦西万达江滨北路亚朵酒店；泉州西街中山路亚朵酒店；泉州南安南洋财富中心亚朵酒店
350600,漳州市,117.661801,24.510897,350000,4,1-9,漳州古城九龙大道亚朵酒店；漳州闽南水乡吾悦广场亚朵酒店；港城亚朵酒店地面目的地充电站；陌上轻居酒店(漳州古城文昌门店)
350700,南平市,118.178459,26.635627,350000,5,1-9,南平建阳人民公园亚朵酒店；武夷山三姑度假区天游峰路亚朵酒店；亚朵酒店(南平建阳西区人民公园店)-地下停车场；亚朵酒店(南平建阳西区人民公园店)地下停车场-出入口；艾聪亚朵酒店超充站
350800,龙岩市,117.02978,25.091603,350000,2,1-9,龙岩大道万宝广场亚朵酒店；亚朵酒店-大堂
350900,宁德市,119.527082,26.65924,350000,3,1-9,宁德蕉城万达广场亚朵酒店；霞浦滨海新城赤岸大道亚朵酒店；霞浦财富中心亚朵酒店
360100,南昌市,115.892151,28.676493,360000,10,10+,南昌红谷滩万象城亚朵酒店；南昌红谷滩绿地中央公园亚朵酒店；南昌高新艾溪湖亚朵酒店；南昌西湖区朝阳江滩公园亚朵酒店；南昌朝阳西湖万达大悦城亚朵酒店；南昌艾溪湖湿地公园瑶湖大学城亚朵酒店；南昌西站国际博览城亚朵酒店；南昌经开区财经大学亚朵酒店；南昌八一广场省电视台亚朵酒店；南昌红谷滩秋水广场亚朵酒店
360200,景德镇市,117.214664,29.29256,360000,8,1-9,景德镇中国陶瓷博物馆政务服务中心亚朵酒店；景德镇御窑博物馆浙江路亚朵酒店；景德镇人民广场浙江路亚朵酒店；景德镇陶溪川陶阳北路亚朵酒店；景德镇陶溪川御窑厂亚朵酒店；景德镇北站陶溪川路亚朵X酒店；景德镇中国陶瓷博物馆行政中心亚朵酒店-地上停车场；景德镇陶溪川陶阳新村亚朵见野酒店
360300,萍乡市,113.852186,27.622946,360000,1,1-9,萍乡安源天虹广场亚朵酒店
360400,九江市,115.992811,29.712034,360000,3,1-9,九江火车站长虹大道亚朵酒店；九江快乐城长江大道亚朵酒店；庐山牯岭街美庐亚朵见野酒店
360500,新余市,114.930835,27.810834,360000,1,1-9,新余行政中心亚朵酒店
360600,鹰潭市,117.033838,28.238638,360000,0,0,
360700,赣州市,114.940278,25.85097,360000,5,1-9,赣州龙南世界客家文化城亚朵酒店；赣州万象城登峰大道亚朵酒店；赣州万象城赞贤路亚朵酒店；赣州万象城赞贤路亚朵酒店-地下停车场；见福便利店(亚朵酒店登峰大道店)
360800,吉安市,114.986373,27.111699,360000,0,0,
360900,宜春市,114.391136,27.8043,360000,4,1-9,宜春上高中心镜山大道亚朵酒店；宜春袁山公园武功山大道亚朵酒店；芙亚朵酒店；亚朵酒店(龙光东大道店)-地下停车场
361000,抚州市,116.358351,27.98385,360000,1,1-9,抚州钻石广场王安石大道亚朵酒店
361100,上饶市,117.971185,28.44442,360000,9,1-9,亚朵酒店(上饶信州区政府店)；亚朵酒店(上饶万年国际珍珠城店)；上饶吾悦广场凤凰西大道亚朵酒店；上饶经开区晶科光伏亚朵酒店；上饶站凤凰中大道亚朵酒店；上饶万达广场胜利路亚朵酒店；上饶万年国际珍珠城亚朵酒店；婺源文化广场景观桥亚朵酒店；亚朵酒店-公交车站
370100,济南市,117.000923,36.675807,370000,10,10+,亚朵酒店(遥墙国际机场店)；济南大观园亚朵酒店；济南唐冶世纪大道亚朵酒店；济南舜和亚朵S酒店；济南奥体中心汉峪金谷亚朵酒店；济南西站东广场亚朵酒店；济南二环南路山东大学亚朵酒店；济南大明湖花园路亚朵酒店；济南旅游路文旅城亚朵酒店；济南万象城中央商务区亚朵酒店
370200,青岛市,120.355173,36.082982,370000,10,10+,青岛城阳春阳路亚朵酒店；青岛栈桥海景亚朵酒店；青岛胶州世纪大厦亚朵酒店；青岛城阳万象汇正阳中路亚朵酒店；青岛奥帆中心五四广场亚朵酒店；青岛五四广场第三海水浴场亚朵酒店；青岛金沙滩香江路地铁站亚朵酒店；青岛五四广场海信广场亚朵酒店；青岛北站振华路亚朵酒店；青岛五四广场万象城亚朵酒店
370300,淄博市,118.047648,36.814939,370000,6,1-9,淄博高新区柳泉路亚朵酒店；淄博山东理工大学北京路亚朵酒店；淄博博山西冶街亚朵酒店；淄博北站银泰城亚朵酒店；淄博山东理工大学水晶街亚朵酒店；亚朵(山东五洲国际店)
370400,枣庄市,117.557964,34.856424,370000,4,1-9,亚朵酒店(枣庄市政府双子星广场店)；亚朵X酒店(枣庄泰山南路枣庄高铁站店)；枣庄台儿庄古城华兴路亚朵酒店；滕州真爱商城荆河西路亚朵X酒店
370500,东营市,118.66471,37.434564,370000,7,1-9,东营金融港康洋路亚朵酒店；东营西城万达黄河路亚朵酒店；东营黄河路亚朵酒店停车点；东营金融港亚朵酒店-地上停车场；东营黄河路亚朵酒店(祥峰大厦店)-地上停车场；特来电充电站(东营亚朵酒店站)；东营金融港亚朵酒店地上停车场-出入口
370600,烟台市,121.391382,37.539297,370000,10,10+,烟台金沙滩亚朵酒店(华山路店)；烟台八角湾大学城中建亚朵酒店；烟台大学万象汇亚朵酒店；烟台滨海广场第一海水浴场亚朵酒店；烟台南站迎春大街亚朵酒店；烟台蓬莱政务中心亚朵酒店；烟台莱山渔人码头海景亚朵酒店；烟台站南大街亚朵酒店；烟台金沙滩天马栈桥亚朵酒店；烟台芝罘站红星美凯龙亚朵酒店
370700,潍坊市,119.107078,36.70925,370000,10,10+,潍坊金马路亚朵酒店(市政府店)；潍坊青年路泰华城亚朵酒店；潍坊临朐万达广场兴隆路亚朵酒店；潍坊青州古城驼山中路亚朵酒店；潍坊高新区管委会健康东街亚朵酒店；潍坊高新区歌尔光电园亚朵酒店；寿光国际会展中心圣城东街亚朵酒店；诸城恐龙博物馆密州西路亚朵酒店；潍坊火车站青年路亚朵酒店大堂；寿光国际会展中心亚朵酒店大堂
370800,济宁市,116.587245,35.415393,370000,8,1-9,济宁建设路领秀城市广场亚朵酒店；济宁高新区金宇路亚朵酒店；济宁万达广场太白楼东路亚朵酒店；邹城人民广场东滩路亚朵酒店；曲阜三孔景区游客集散中心亚朵酒店；曲阜孔府亚朵酒店大堂；亚朵花艺生活馆(乔家街店)；亚朵酒店(太白东路店)-立体停车场
370900,泰安市,117.129063,36.194968,370000,7,1-9,泰安泰山国际会展中心灵山大街亚朵酒店；泰安泰山景区盘古天地亚朵酒店；亚朵酒店(佳苑路店)-地上停车场；亚朵轻居酒店(龙潭路店)；云快充充电站(泰安市新灵山大街亚朵酒店充电站)；亚朵酒店(佳苑路店)地上停车场-出入口；泰安天外村东岳大街亚朵X酒店(泰安天外村东岳大街店)门前停车场-出入口
371000,威海市,122.116394,37.509691,370000,8,1-9,威海市区威高广场亚朵酒店；威海火炬八街山东大学亚朵酒店；威海市区幸福门亚朵酒店；威海站韩乐坊不夜城亚朵酒店；威海石岛亚朵酒店大堂；亚朵酒店·白天鹅自助餐厅(文化东路店)；威海火炬八街山东大学亚朵酒店(威海火炬八街山东大学店)门前停车场-入口；威海市中心亚朵酒店(威海市中心店)-门前停车场
371100,日照市,119.461208,35.428588,370000,8,1-9,亚朵酒店(日照万象汇大学城店)；日照安泰广场亚朵酒店；日照潍坊路亚朵酒店；日照站海滨五路亚朵酒店；日照万平口东夷小镇亚朵酒店；亚朵酒店(日照市政府店)-地上停车场；亚朵酒店(日照市政府万平口店)-门前停车场；亚朵酒店(日照市政府店)地上停车场-出入口
371300,临沂市,118.326443,35.065282,370000,8,1-9,临沂北京路亚朵酒店；临沂大剧院文化中心亚朵酒店；临沂北城新区亚朵酒店；亚朵酒店早餐自助(市政府店)；临沂泰盛广场万象汇亚朵酒店；临沂北京路亚朵酒店-西北门；临沂泰盛广场万象汇亚朵酒店-地上停车场；临沂泰盛广场万象汇亚朵酒店地上停车场-出入口
371400,德州市,116.307428,37.453968,370000,3,1-9,德州城市中心广场东风中路亚朵酒店；德州东站减河风景区亚朵酒店；德州东站减河风景区亚朵酒店(减河东大道店)-地上停车场
371500,聊城市,115.980367,36.456013,370000,5,1-9,聊城开发区亚朵酒店；聊城临清市中心亚朵酒店；聊城市委兴华路亚朵酒店；五洲大药店(聊城开发区亚朵酒店店)；聊城开发区亚朵酒店(御润财富城店)-门前停车场
371600,滨州市,118.016974,37.383542,370000,2,1-9,滨州滨城区渤海国际广场亚朵酒店；特来电充电站(亚朵酒店充电站(渤海国际店))
371700,菏泽市,115.469381,35.246531,370000,2,1-9,菏泽老城曹州八一路亚朵酒店；途客轻居酒店(菏泽郓城水浒好汉城店)
410100,郑州市,113.665412,34.757975,410000,10,10+,亚朵酒店(郑州东站省政府店)；亚朵酒店(郑州经开中心广场第八大街店)；郑州CBD中州大道亚朵酒店；郑州新郑国际机场华夏大道亚朵酒店；郑州北龙湖金融中心亚朵酒店；郑州龙子湖高校区亚朵酒店；郑州河南省人民医院金水路亚朵酒店；郑州省博物院花园路亚朵酒店；郑州省博物院东风路亚朵酒店；郑州正弘城博乐诗亚朵酒店
410200,开封市,114.341447,34.797049,410000,9,1-9,开封北站博物馆亚朵酒店；开封清明上河园龙亭公园亚朵酒店；亚朵酒店(大梁路店)；亚朵酒店(开封北站新区政府店)；开封清明上河园亚朵酒店-大堂；开封清明上河园鼓楼广场亚朵酒店；开封清明上河园河南大学亚朵酒店；途客中国轻居酒店(开封鼓楼广场店)；开封清明上河园亚朵酒店-门前停车场
410300,洛阳市,112.434468,34.663041,410000,9,1-9,亚朵酒店(洛阳龙门站市政府店)；洛阳洛邑古城应天门亚朵酒店；洛阳站大卫天地亚朵酒店；洛阳九都中路牡丹桥地铁站亚朵酒店；洛阳王府井南昌路亚朵见野酒店；洛阳龙门站龙门大道亚朵酒店；洛阳涧西万达牡丹广场地铁站亚朵酒店；洛阳龙门高铁站亚朵酒店-大堂；洛阳应天门亚朵酒店-大堂
410400,平顶山市,113.307718,33.735241,410000,4,1-9,陌上轻居酒店(平顶山站中骏世界城店)；途客轻居酒店(平顶山非凡体育公园店)；途客中国轻居酒店(平顶山万达广场汽车站店)；途客中国轻居酒店(汝州市政府店)
410500,安阳市,114.352482,36.103442,410000,3,1-9,亚朵豫见酒店(安阳火车站店)；安阳万达广场光明路亚朵酒店；途客中国轻居酒店(安阳滑县新滑医院汽车站店)
410600,鹤壁市,114.295444,35.748236,410000,2,1-9,陌上轻居酒店(鹤壁淇县云梦大道店)；陌上轻居酒店(鹤壁浚县古城店)
410700,新乡市,113.883991,35.302616,410000,5,1-9,新乡东站平原路亚朵酒店；新乡亚朵X酒店(大数据产业园店)；北京西站南路六里桥东亚朵酒店；陌上轻居酒店(新乡河师大平原湖校区店)；新乡东站平原路亚朵酒店地上停车场-入口
410800,焦作市,113.238266,35.23904,410000,2,1-9,陌上轻居酒店(焦作高铁站河南理工大北校区店)；陌上轻居酒店(武陟覃怀公园迎宾大道店)
410900,濮阳市,115.041299,35.768234,410000,2,1-9,濮阳京开大道银座亚朵酒店；陌上轻居酒店(濮阳中心广场人民路店)
411000,许昌市,113.826063,34.022956,410000,2,1-9,许昌万达广场莲城大道亚朵酒店；许昌胖东来时代广场曹魏古城亚朵酒店
411100,漯河市,114.026405,33.575855,410000,1,1-9,途客中国轻居酒店(临颍店)
411200,三门峡市,111.194099,34.777338,410000,2,1-9,途客中国轻居酒店(灵宝函谷路店)；陌上轻居酒店(三门峡渑池县政府万人广场店)
411300,南阳市,112.540918,32.999082,410000,3,1-9,南阳吾悦广场仲景大道亚朵酒店；途客中国轻居酒店(南阳火车站店)；陌上轻居酒店(南阳镇平店)
411400,商丘市,115.650497,34.437054,410000,4,1-9,商丘夏邑长寿阁汉唐文化街亚朵酒店；商丘万达广场雪苑路亚朵酒店；亚朵酒店示范区育才小学店；陌上轻居酒店(商丘万达广场日月湖景区店)
411500,信阳市,114.075031,32.123274,410000,4,1-9,信阳东站大信广场亚朵酒店；陌上轻居酒店(信阳火车站天润广场店)；陌上轻居酒店(信阳新县火车站店)；陌上轻居酒店(信阳固始店)
411600,周口市,114.649653,33.620357,410000,6,1-9,途客轻居酒店(周口五一广场客运中心站店)；陌上轻居酒店(西华女娲广场店)；陌上轻居酒店(周口商水阳城公园店)；陌上轻居酒店(项城市中心广场店)；陌上轻居酒店(沈丘北站隆鼎国贸店)；陌上轻居酒店(郸城一高汽车中心站店)
411700,驻马店市,114.024736,32.980169,410000,1,1-9,日丰管(永乐大道亚朵酒店店)
419001,济源市,112.590047,35.090378,410000,2,1-9,途客中国轻居酒店(济源御驾庄商业街店)；途客中国轻居酒店(济源中原国际商贸城火车站店)
420100,武汉市,114.298572,30.584355,420000,10,10+,武汉大学八一路亚朵酒店；武汉国际博览中心四新北路亚朵酒店；武汉东湖岳家嘴亚朵酒店；武汉武昌中南路亚朵酒店；武汉站杨春湖亚朵酒店；武汉楚河汉街洪山广场亚朵酒店；武汉金银湖欧亚会展中心亚朵酒店；武汉藏龙岛湖北经济学院亚朵酒店；武汉青年汇金融港亚朵酒店；武汉中山公园同济医学院亚朵酒店
420200,黄石市,115.077048,30.220074,420000,1,1-9,黄石大冶北站足球公园亚朵酒店
420300,十堰市,110.787916,32.646907,420000,4,1-9,十堰大美国际上海路亚朵酒店；十堰火车站重庆路亚朵X酒店；神州租车(十堰上海路亚朵酒店自助点)；途客中国轻居酒店(十堰武当山机场店)
420500,宜昌市,111.290843,30.702636,420000,2,1-9,宜昌东站鑫鼎亚朵酒店；途客轻居酒店(宜昌华祥商业中心店)
420600,襄阳市,112.144146,32.042426,420000,4,1-9,襄阳襄州航空路亚朵酒店；襄阳古城胜利街亚朵酒店；襄阳古城盛世唐城亚朵酒店；特来电充电站(襄城胜利街亚朵酒店充电站)
420700,鄂州市,114.890593,30.396536,420000,2,1-9,天空之城(鄂州市政府亚朵酒店店)；神州租车(鄂州亚朵酒店滨湖北路店自助点)
420800,荆门市,112.204251,31.03542,420000,0,0,
420900,孝感市,113.926655,30.926423,420000,0,0,
421000,荆州市,112.23813,30.326857,420000,8,1-9,荆州站武德路亚朵酒店；松滋文化商业街民主路亚朵酒店；荆州火车站武德路亚朵酒店-地下停车场；荆州火车站武德路亚朵酒店(荆州火车站武德路店)-门前停车场；途客中国轻居酒店(荆州大润发店)；荆州火车站武德路亚朵酒店(荆州火车站武德路店)门前停车场-出入口；陌上轻居酒店(荆州高铁站东方神画方特店)；荆州火车站武德路亚朵酒店地下停车场-出入口
421100,黄冈市,114.879365,30.447711,420000,2,1-9,黄冈黄州遗爱湖亚朵酒店；黄冈中学亚朵酒店-停车场
421200,咸宁市,114.328963,29.832798,420000,0,0,
421300,随州市,113.37377,31.717497,420000,2,1-9,途客中国轻居酒店(随州烈山大道吾悦广场店)；途客中国轻居酒店(随州曾都区迎宾大道店)
422800,恩施土家族苗族自治州,109.48699,30.283114,420000,1,1-9,青源亚朵酒店
429004,仙桃市,113.453974,30.364953,420000,1,1-9,仙桃沔街元泰未来城亚朵酒店
429005,潜江市,112.896866,30.421215,420000,0,0,
429006,天门市,113.165862,30.653061,420000,0,0,
429021,神农架林区,110.671525,31.744449,420000,0,0,
430100,长沙市,112.982279,28.19409,430000,9,1-9,长沙国金中心亚朵酒店；长沙省政府地铁站亚朵酒店；长沙滨江金融中心亚朵酒店；长沙万象城湖南金融中心亚朵酒店；长沙五一广场黄兴路步行街亚朵酒店；长沙五一广场芙蓉中路高空亚朵酒店；浏阳大道国宾府亚朵酒店；长沙五一广场晚报大道亚朵酒店；长沙麓谷高新区东方红中路亚朵酒店
430200,株洲市,113.151737,27.835806,430000,4,1-9,株洲湘江风光带亚朵酒店；株洲职教城中车亚朵酒店；株洲职教城中车亚朵酒店(田心大道店)-地上停车场；株洲职教城中车亚朵酒店(田心大道店)地上停车场-入口
430300,湘潭市,112.944052,27.82973,430000,0,0,
430400,衡阳市,112.607693,26.900358,430000,9,1-9,衡阳解放西路亚朵酒店；衡阳蒸湘创发城亚朵酒店；衡阳南岳衡山景区亚朵酒店；亚朵酒店-1栋；亚朵酒店-2栋；亚朵酒店-西门；亚朵酒店2栋-地上停车场；亚朵酒店(衡阳南岳衡山景区店)-地上停车场；亚朵酒店(衡阳南岳衡山景区店)地上停车场-出入口
430500,邵阳市,111.46923,27.237842,430000,0,0,
430600,岳阳市,113.132855,29.37029,430000,0,0,
430700,常德市,111.691347,29.040225,430000,1,1-9,常德步行街老西门亚朵酒店
430800,张家界市,110.479921,29.127401,430000,3,1-9,张家界永定区天门山索道站亚朵酒店；张家界国家森林公园标志门亚朵酒店；张家界天门山索道天门居亚朵酒店
430900,益阳市,112.355042,28.570066,430000,0,0,
431000,郴州市,113.032067,25.793589,430000,3,1-9,亚朵酒店(郴州市政府五岭大道店)；郴州五岭广场市图书馆亚朵酒店；郴州市亚朵电竞民宿
431100,永州市,111.608019,26.434516,430000,0,0,
431200,怀化市,109.97824,27.550082,430000,1,1-9,怀化高铁南站万达广场亚朵酒店
431300,娄底市,112.008497,27.728136,430000,0,0,
433100,湘西土家族苗族自治州,109.739735,28.314296,430000,3,1-9,凤凰古城虹桥亚朵见野酒店；凤凰古城虹桥亚朵酒店-地下停车场；凤凰古城虹桥亚朵酒店地下停车场-出入口
440100,广州市,113.280637,23.125178,440000,10,10+,广州大道天河体育中心亚朵酒店；广州天河太古汇亚朵酒店；广州番禺长隆钟村地铁站亚朵酒店；广州南站万科中心亚朵酒店；广州珠江新城太古汇亚朵酒店；广州白云站鹤边地铁站亚朵酒店；广州花都金融中心亚朵酒店；广州金融城信息港亚朵酒店；广州站中医药大学亚朵酒店；广州黄埔保盈大道地铁站亚朵酒店
440200,韶关市,113.591544,24.801322,440000,3,1-9,韶关百年东街小岛大厦亚朵酒店；亚朵酒店(西堤北路店)；亚朵酒店(四达国际商业体店)
440300,深圳市,114.085947,22.547,440000,10,10+,深圳西丽创新谷亚朵酒店；深圳福田CBD市民中心亚朵酒店；深圳坂田中成亚朵酒店；深圳南山海岸城亚朵酒店；深圳宝安国际机场亚朵酒店；深圳前海宝安中心亚朵酒店；深圳福田华强北步行街亚朵酒店；深圳南山西丽智谷产业园亚朵酒店；深圳龙岗甘坑古镇亚朵酒店；深圳南山芒果网大厦亚朵酒店
440400,珠海市,113.553986,22.224979,440000,10,10+,珠海情侣南路拱北口岸亚朵酒店；珠海湾仔口岸横琴国际会展中心亚朵酒店；珠海金湾机场亚朵酒店；珠海山姆奥园广场亚朵酒店；珠海高新区大学城政务中心亚朵酒店；珠海北站宝龙城亚朵酒店；珠海拱北富华里环宇城亚朵酒店；珠海金湾华发商都航空新城亚朵酒店；珠海情侣路日月贝大剧院亚朵酒店；珠海情侣路爱情邮局亚朵酒店
440500,汕头市,116.708463,23.37102,440000,9,1-9,汕头万象城黄河路亚朵酒店；汕头澄海国盛中心亚朵酒店；汕头高铁站黄山路亚朵酒店；汕头万象城金砂东路亚朵酒店；汕头珠港新城韩江路亚朵酒店；汕头万象城华山南路亚朵酒店；汕头龙眼南美食街金砂中路亚朵酒店；汕头万象城会展中心亚朵X酒店；汕头市万象城海湾亚朵酒店-停车场
440600,佛山市,113.122717,23.028762,440000,10,10+,佛山南海桂城亚朵酒店；佛山禅城张槎亚朵酒店；佛山顺德清晖园亚朵酒店；亚朵酒店；佛山顺德欢乐海岸欢乐大道亚朵酒店；佛山南海金沙洲金铂天地亚朵酒店；佛山顺德美的悦然广场亚朵酒店；佛山千灯湖怡海港亚朵酒店；佛山祖庙岭南天地亚朵酒店；佛山顺德龙江会展中心亚朵酒店
440700,江门市,113.094942,22.590431,440000,4,1-9,江门蓬江华茵广场亚朵酒店；江门荷塘龙湖亚朵酒店；亚朵度假酒店(恩平泉林店)；亚朵(江边里店)
440800,湛江市,110.364977,21.274898,440000,4,1-9,湛江人民大道鼎盛广场亚朵酒店；湛江赤坎金沙湾观海长廊亚朵酒店；亚朵酒店(湛江人民大道鼎盛广场店)-中餐厅；亚朵酒店会议室(金辉煌领峰店)
440900,茂名市,110.919229,21.659751,440000,2,1-9,茂名电白万达广场亚朵酒店；茂名高铁站人民广场亚朵酒店-大堂
441200,肇庆市,112.472529,23.051546,440000,2,1-9,肇庆七星岩星湖一方亚朵酒店；肇庆七星岩亚朵酒店-大堂
441300,惠州市,114.412599,23.079404,440000,10,10+,惠州惠阳新都会亚朵酒店；惠州惠城区港惠新天地亚朵酒店；惠州仲恺天益城亚朵酒店；亚朵酒店(惠州华贸天地荣灿江景店)；亚朵酒店民宿；惠州惠阳高铁站万联广场亚朵酒店；惠州惠阳市政广场亚朵X酒店；惠州水东街滨江东路亚朵酒店；惠州金山湖港惠轻居酒店；亚朵集团轻居酒店商品店(白泥路店)
441400,梅州市,116.117582,24.299112,440000,5,1-9,梅州西站富力中心亚朵酒店；梅州市中心柏丽广场亚朵酒店；亚朵酒店(梅州市中心柏丽广场店)-停车场；梅州市中心柏丽广场亚朵酒店-专用地上停车场；亚朵嘉宴酒楼
441500,汕尾市,115.364238,22.774485,440000,3,1-9,汕尾高铁站滨海公园亚朵酒店；汕尾高铁站滨海公园亚朵酒店-地上停车场；汕尾高铁站滨海公园亚朵酒店地上停车场-出入口
441600,河源市,114.697802,23.746266,440000,2,1-9,随行付运营中心(亚朵酒店店)；云快充充电站(万隆亚朵超充站)
441700,阳江市,111.975107,21.859222,440000,3,1-9,阳江江城君怡广场亚朵X酒店；阳江市海陵岛亚朵海景酒店；亚朵海景度假酒店(保利十里银滩店)
441800,清远市,113.051227,23.685022,440000,7,1-9,清远顺盈广百亚朵酒店；清远古龙峡漂流花亚朵度假温泉酒店；清远北站古龙峡亚朵酒店(清新商务大厦店)；清远顺盈广百亚朵酒店大堂；清远顺盈广百亚朵酒店-地下停车场；清远亚朵精品公寓；清远顺盈广百亚朵酒店(静福路店)地下停车场-入口
441900,东莞市,113.746262,23.046237,440000,10,10+,东莞南城国贸亚朵酒店；东莞大岭山松山湖亚朵酒店；东莞南城万象城亚朵酒店；东莞南城中心广场亚朵酒店；东莞凤岗南天大厦亚朵酒店；东莞西平新地中心亚朵酒店；东莞东城33小镇亚朵酒店；东莞大岭山广场亚朵酒店；东莞虎门站虎门大道亚朵酒店；东莞黄江星光路亚朵酒店
442000,中山市,113.382391,22.521113,440000,8,1-9,中山西区兴中广场亚朵酒店；中山富华道石岐步行街亚朵酒店；中山古镇华艺广场亚朵酒店；中山二路利和广场亚朵酒店；中山坦洲合胜百货亚朵酒店；中山南头海雅缤纷城亚朵酒店；中山小榄大信新都汇亚朵酒店；中山北站V-PARK广场亚朵酒店
445100,潮州市,116.632301,23.661701,440000,6,1-9,潮州人民广场亚朵酒店；潮州古城亚朵酒店；亚朵酒店-自助餐厅(潮州人民广场亚朵酒店店)；潮州古城人民广场亚朵酒店(潮州古城人民广场店)门前停车场-入口；潮州古城人民广场亚朵酒店(潮州古城人民广场店)-门前停车场；明意汽车保养·福诺快速换油中心(亚朵酒店)
445200,揭阳市,116.355733,23.543778,440000,8,1-9,揭阳榕城揭阳楼亚朵酒店；揭阳楼环市北路亚朵酒店；揭阳进贤门骑楼街亚朵酒店；普宁高铁站普宁大道亚朵酒店；揭阳亚朵轻·美宿；揭阳榕城揭阳楼亚朵酒店-地下停车场；普宁高铁站亚朵酒店地上停车场-入口；普宁高铁站亚朵酒店-地上停车场
445300,云浮市,112.044439,22.929801,440000,1,1-9,云浮罗定市泰德天润广场亚朵酒店
450100,南宁市,108.320004,22.82402,450000,10,10+,南宁五象总部基地凯旋路亚朵酒店；南宁江南金凯路亚朵酒店；南宁青秀南湖地铁站亚朵酒店；南宁火车站北湖亚朵酒店；南宁万象城民族大道亚朵酒店；南宁朝阳广场三街两巷亚朵酒店；南宁南湖公园双拥路亚朵酒店；南宁动物园大学东路亚朵酒店；南宁青秀东葛路地铁站亚朵X酒店；南宁金湖广场金源CBD亚朵见野酒店
450200,柳州市,109.411703,24.314617,450000,1,1-9,亚朵云酒店(柳州马鞍山公园店)
450300,桂林市,110.299121,25.274215,450000,9,1-9,亚朵酒店(桂林市政府万达广场店)；桂林高新亚朵酒店；桂林阳朔西街鼓楼亚朵酒店；桂林两江四湖象鼻山亚朵酒店；桂林市政府亚朵酒店；桂林象鼻山中山南路亚朵酒店；桂林高铁北站恒大广场亚朵酒店；桂林象鼻山日月双塔亚朵酒店；桂林阳朔西街十里画廊亚朵酒店
450400,梧州市,111.297604,23.474803,450000,0,0,
450500,北海市,109.119254,21.473343,450000,4,1-9,北海高铁站西南大道亚朵酒店；北海银滩大道亚朵酒店；北海高铁站西南大道亚朵酒店门前停车场-入口；北海高铁站西南大道亚朵酒店-门前停车场
450600,防城港市,108.345478,21.614631,450000,1,1-9,防城港高铁北站行政中心亚朵酒店
450700,钦州市,108.624175,21.967127,450000,0,0,
450800,贵港市,109.602146,23.0936,450000,1,1-9,希悦亚朵轻居(桂平西山步行街店)
450900,玉林市,110.154393,22.63136,450000,0,0,
451000,百色市,106.616285,23.897742,450000,1,1-9,和合亚朵驾驶员培训中心
451100,贺州市,111.552056,24.414141,450000,0,0,
451200,河池市,108.062105,24.695899,450000,0,0,
451300,来宾市,109.229772,23.733766,450000,0,0,
451400,崇左市,107.353926,22.404108,450000,0,0,
460100,海口市,110.33119,20.031971,460000,10,10+,海口滨海大道西秀海滩亚朵酒店；海口国际免税城新海港码头亚朵酒店；海口省政府国兴大道亚朵酒店；海口海南大学人民大道亚朵酒店；海口国兴大道日月广场亚朵X酒店；海口万国大都会骑楼老街亚朵酒店；海口龙华龙湖天街亚朵见野酒店；海口国贸万绿园轻居酒店；海口国兴大道金鹿城亚朵X酒店-大堂；海口省政府国兴大道亚朵酒店-地上停车场
460200,三亚市,109.508268,18.247872,460000,5,1-9,三亚湾凤凰路亚朵酒店；三亚政务中心河东路亚朵酒店；三亚政务中心河东路亚朵酒店(商品街店)-地上停车场；亚朵酒店-停车场；三亚政务中心河东路亚朵酒店(商品街店)-门前停车场
460300,三沙市,112.34882,16.831039,460000,0,0,
460400,儋州市,109.576782,19.517486,460000,0,0,
469001,五指山市,109.516662,18.776921,460000,0,0,
469002,琼海市,110.466785,19.246011,460000,2,1-9,琼海站爱华东路亚朵酒店；新电途充电站(亚朵酒店充电站)
469005,文昌市,110.753975,19.612986,460000,0,0,
469006,万宁市,110.388793,18.796216,460000,0,0,
469007,东方市,108.653789,19.10198,460000,1,1-9,东方高铁站东方文化广场亚朵酒店
469021,定安县,110.349235,19.684966,460000,0,0,
469022,屯昌县,110.102773,19.362916,460000,0,0,
469023,澄迈县,110.007147,19.737095,460000,0,0,
469024,临高县,109.687697,19.908293,460000,0,0,
469025,白沙黎族自治县,109.452606,19.224584,460000,0,0,
469026,昌江黎族自治县,109.053351,19.260968,460000,0,0,
469027,乐东黎族自治县,109.175444,18.74758,460000,0,0,
469028,陵水黎族自治县,110.037218,18.505006,460000,1,1-9,联动云用车点(海南香水湾亚朵酒店网点)
469029,保亭黎族苗族自治县,109.70245,18.636371,460000,0,0,
469030,琼中黎族苗族自治县,109.839996,19.03557,460000,0,0,
500000,重庆市,106.5516,29.5630,500000,10,10+,重庆新天地大坪亚朵酒店；重庆沙坪坝高铁站三峡广场亚朵酒店；重庆南滨路皇冠国际江景亚朵酒店；重庆解放碑国贸中心亚朵酒店；重庆南坪国际会展中心步行街亚朵酒店；重庆解放碑来福士广场江景亚朵酒店；重庆西站龙湖云领天街亚朵酒店；重庆西站新桥医院亚朵酒店；重庆洪崖洞千厮门大桥江景亚朵酒店；亚朵酒店
510100,成都市,104.065735,30.659462,510000,10,10+,成都春熙路国际金融中心亚朵酒店；成都新会展张家寺地铁站亚朵酒店；成都宽窄巷子亚朵酒店；成都武侯西部智谷亚朵酒店；成都高新天府三街亚朵酒店；成都太古里河畔亚朵酒店；成都玉林生活广场川大望江校区亚朵酒店；成都天府新区华阳地铁站亚朵酒店；成都琉璃场地铁站亚朵酒店；成都文殊坊梁家巷地铁站亚朵酒店
510300,自贡市,104.773447,29.352765,510000,2,1-9,自贡华商国际城高峰公园亚朵酒店；自贡汇东公园亚朵X酒店
510400,攀枝花市,101.716007,26.580446,510000,2,1-9,攀枝花东区金海世纪城亚朵酒店；云快充充电站(攀枝花亚朵酒店充电站)
510500,泸州市,105.443348,28.889138,510000,4,1-9,亚朵酒店(龙南路店)；泸州万象汇金融中心亚朵酒店；亚朵酒店(泸州金融中心店)-门前停车场；亚朵酒店(泸州金融中心店)门前停车场-入口
510600,德阳市,104.398651,31.127991,510000,3,1-9,德阳摩尔购物广场庐山北路亚朵酒店；悦享·亚朵·咖啡露台智能酒店(三星堆博物馆店)；广汉亚朵民宿(三星堆博物馆店)
510700,绵阳市,104.741722,31.46402,510000,6,1-9,绵阳站凯德广场亚朵酒店；绵阳高铁站涪城万达广场亚朵酒店；绵阳园艺山科创园火炬北路亚朵X酒店；绵阳园艺山科创园亚朵X酒店；亚朵酒店-地下停车场；亚朵酒店地下停车场-出入口
510800,广元市,105.829757,32.433668,510000,0,0,
510900,遂宁市,105.571331,30.513311,510000,8,1-9,遂宁船山高铁站亚朵酒店；遂宁船山高铁站亚朵酒店(遂宁船山高铁站店)-地下停车场；遂宁船山高铁站亚朵酒店(遂宁船山高铁站店)-地上停车场；遂宁船山高铁站亚朵酒店(遂宁船山高铁站店)地下停车场-入口；遂宁船山高铁站亚朵酒店(遂宁船山高铁站店)地上停车场-入口；遂宁船山高铁站亚朵酒店(遂宁船山高铁站店)门前停车场-入口；遂宁船山高铁站亚朵酒店(遂宁船山高铁站店)-门前停车场；特来电充电站(遂宁亚朵酒店)
511000,内江市,105.066138,29.58708,510000,1,1-9,内江北站传化广场亚朵酒店
511100,乐山市,103.761263,29.582024,510000,3,1-9,峨眉山高铁站峨秀湖亚朵酒店；峨眉山高铁站峨秀湖亚朵酒店-地上停车场；峨眉山高铁站峨秀湖亚朵酒店地上停车场-出入口
511300,南充市,106.082974,30.795281,510000,1,1-9,轻居酒店
511400,眉山市,103.831788,30.048318,510000,5,1-9,眉山市政务中心苏源路亚朵酒店；眉山彭山北站迎宾大道亚朵酒店；眉山政务中心亚朵酒店大堂；眉山彭山北站迎宾大道亚朵酒店-地下停车场；眉山彭山北站迎宾大道亚朵酒店地下停车场-出入口
511500,宜宾市,104.630825,28.760189,510000,8,1-9,宜宾高铁西站万象天地亚朵酒店；宜宾临港大学城会展中心亚朵酒店；宜宾五粮液生态园吾悦广场亚朵酒店；宜宾合江门长江公园亚朵酒店；宜宾高铁西站万象天地亚朵酒店(绿地熙世界店)-地下停车场；宜宾高铁西站万象天地亚朵酒店(绿地熙世界店)地下停车场-入口；宜宾高铁西站万象天地亚朵酒店(绿地熙世界店)-地上停车场；宜宾高铁西站万象天地亚朵酒店(绿地熙世界店)地上停车场-出入口
511600,广安市,106.633369,30.456398,510000,0,0,
511700,达州市,107.502262,31.209484,510000,3,1-9,达州仁和新城巴渠东路亚朵酒店；达州渠县賨人里财富中心亚朵酒店；亚朵酒店(达州仁和新城巴渠东路店)-地下停车场
511800,雅安市,103.001033,29.987722,510000,1,1-9,雅安高铁站时代天街亚朵酒店
511900,巴中市,106.753669,31.858809,510000,2,1-9,湖滨亚朵酒店；途客轻居酒店(巴中城市广场店)
512000,资阳市,104.641917,30.122211,510000,0,0,
513200,阿坝藏族羌族自治州,102.221374,31.899792,510000,4,1-9,亚朵酒店；九寨沟景区游客中心亚朵轻居酒店；九寨沟景区游客中心亚朵S酒店；深蓝汽车九寨沟亚朵轻居酒店充电站
513300,甘孜藏族自治州,101.963815,30.050663,510000,2,1-9,康定新都桥318国道亚朵酒店；姊妹海亚朵酒店
513400,凉山彝族自治州,102.258746,27.886762,510000,4,1-9,西昌市旅游集散中心长安西路亚朵酒店；西昌邛海湿地公园航天大道亚朵酒店；西昌航天大道月亮湖湿地公园亚朵酒店；亚朵酒店茶楼(航天大道二段店)
520100,贵阳市,106.713478,26.578343,520000,10,10+,亚朵酒店(贵阳观山湖市政府店)；贵阳会展中心金朱东路亚朵酒店；贵阳北站西广场亚朵酒店；贵阳观山湖公园兴义路亚朵酒店；贵阳未来方舟南明河亚朵酒店；贵阳大十字中山西路地铁站亚朵酒店；贵阳南明区机场路亚朵酒店；贵阳世纪城茶园地铁站亚朵酒店；贵阳观山湖万象汇亚朵酒店；贵阳观山湖奥体中心亚朵酒店
520200,六盘水市,104.846743,26.584643,520000,1,1-9,六盘水高铁站人民路亚朵酒店
520300,遵义市,106.937265,27.706626,520000,4,1-9,遵义汇川苏州路亚朵酒店；亚朵集团轻居酒店(遵义会址店)；仁怀茅台镇亚朵X酒店；仁怀铂金城方圆荟购物广场亚朵酒店
520400,安顺市,105.932188,26.245544,520000,1,1-9,安顺古城虹山湖路亚朵酒店
520500,毕节市,105.28501,27.301693,520000,1,1-9,毕节亚朵X酒店(市政府店)
520600,铜仁市,109.191555,27.718346,520000,0,0,
522300,黔西南布依族苗族自治州,104.897971,25.08812,520000,2,1-9,兴义桔山广场碧云路亚朵酒店；兴义桔山广场碧云路亚朵酒店-地上停车场
522600,黔东南苗族侗族自治州,107.977488,26.583352,520000,4,1-9,凯里市区刚朵拉亚朵酒店；凯里市区刚朵拉亚朵酒店-立体停车场；云快充充电站(凯里亚朵酒店充电站)；锦屏亚朵大酒店
522700,黔南布依族苗族自治州,107.517156,26.258219,520000,1,1-9,黔南荔波旅游城长征路亚朵酒店
530100,昆明市,102.712251,25.040609,530000,10,10+,昆明政务中心春融街亚朵酒店；昆明站关上国贸中心亚朵酒店；昆明高新吾悦广场亚朵酒店；昆明长水国际机场铂港现代广场亚朵酒店；昆明南站大学城亚朵酒店；昆明经开区建投大厦亚朵酒店；昆明翠湖云南大学亚朵酒店；昆明广福路海乐世界亚朵酒店；昆明农业大学小康大道亚朵酒店；昆明财富中心北辰大道亚朵酒店
530300,曲靖市,103.797851,25.501557,530000,3,1-9,曲靖麒麟区花柯夜市亚朵酒店；曲靖麒麟花园南城门亚朵酒店；亚朵(锦湘南郡店)
530400,玉溪市,102.543907,24.350461,530000,1,1-9,玉溪红塔聂耳音乐广场亚朵酒店
530500,保山市,99.167133,25.111802,530000,2,1-9,保山隆阳区恒邦大厦亚朵酒店；腾冲主城区文星楼亚朵酒店
530600,昭通市,103.717216,27.336999,530000,1,1-9,昭通古城恒邦广场亚朵酒店
530700,丽江市,100.233026,26.872108,530000,5,1-9,丽江古城木府亚朵酒店；丽江古城大水车亚朵酒店；丽江古城区团山北路亚朵酒店；丽江古城大水车亚朵酒店-大堂；丽江古城大水车轻居酒店
530800,普洱市,100.972344,22.777321,530000,0,0,
530900,临沧市,100.08697,23.886567,530000,0,0,
532300,楚雄彝族自治州,101.546046,25.041988,530000,1,1-9,楚雄彝海公园茶花大道亚朵X酒店
532500,红河哈尼族彝族自治州,103.384182,23.366775,530000,4,1-9,弥勒大道湖泉生态园亚朵酒店；红河建水古城迎恩路亚朵酒店；弥勒大道湖泉生态园亚朵酒店-地上停车场；弥勒大道湖泉生态园亚朵酒店地上停车场-出入口
532600,文山壮族苗族自治州,104.24401,23.36951,530000,1,1-9,文山光大广场东风路亚朵酒店
532800,西双版纳傣族自治州,100.797941,22.001724,530000,4,1-9,西双版纳景洪星光夜市金塔寺亚朵酒店；西双版纳景洪告庄西双景澜沧江亚朵酒店；西双版纳景洪星光夜市孔雀城亚朵酒店；西双版纳告庄亚朵酒店-大堂
532900,大理白族自治州,100.225668,25.589449,530000,9,1-9,大理站洱海公园亚朵酒店；大理洱海国际会展中心亚朵酒店；大理古城南门玉局路亚朵酒店；大理洱海公园万达广场亚朵酒店；大理古城三月街亚朵酒店；大理洱海国际会展中心亚朵酒店·自助餐厅；大理主城区泰业国际广场亚朵X酒店；大理古城三月街亚朵酒店-前门；大理古城三月街亚朵酒店后门
533100,德宏傣族景颇族自治州,98.578363,24.436694,530000,4,1-9,芒市财富中心目瑙纵歌路亚朵酒店；瑞丽德龙国际珠宝城金滇路亚朵酒店；瑞丽亚朵酒店-地上停车场；星星充电充电站(瑞丽亚朵酒店)
533300,怒江傈僳族自治州,98.854304,25.850949,530000,1,1-9,亚朵
533400,迪庆藏族自治州,99.706463,27.826853,530000,1,1-9,香格里拉独克宗古城月光广场亚朵酒店
540100,拉萨市,91.132212,29.660361,540000,10,10+,亚朵酒店(拉萨万达广场市政府店)；亚朵酒店(拉萨布达拉宫广场店)；拉萨布达拉宫广场宇拓路步行街亚朵酒店；拉萨布达拉宫娘热南路亚朵酒店；拉萨西藏大学滨河路亚朵酒店；拉萨布达拉宫广场北京中路亚朵酒店；拉萨顿珠金融城柳梧万达广场亚朵酒店；拉萨火车站王府井亚朵酒店；拉萨布达拉宫宗角禄康公园亚朵酒店；拉萨布达拉宫广场亚朵酒店(拉萨布达拉宫广场店)-地下停车场
540200,日喀则市,88.885148,29.267519,540000,1,1-9,日喀则扎什伦布寺步行街亚朵酒店
540300,昌都市,97.178452,31.136875,540000,0,0,
540400,林芝市,94.362348,29.654693,540000,6,1-9,林芝工布天街林海公园亚朵酒店；林芝巴宜南粤大道亚朵酒店；林芝墨脱莲花公园亚朵酒店；电动汽车充电站(林芝亚朵酒店)；渝快充林芝亚朵酒店快充站；能效邻里共享汽车充电站(墨脱莲花公园亚朵酒店充电站)
540500,山南市,91.766529,29.236023,540000,2,1-9,山南火车站雅江天街亚朵酒店；山南火车站雅江天街亚朵酒店-停车场
540600,那曲市,92.060214,31.476004,540000,0,0,
542500,阿里地区,80.105498,32.503187,540000,0,0,
610100,西安市,108.948024,34.263161,610000,10,10+,西安钟楼大差市地铁站亚朵酒店；西安大雁塔亚朵酒店；西安钟楼永宁里亚朵酒店；西安高新唐延路亚朵酒店；西安高新科技路亚朵酒店；西安高新科技路地铁站亚朵酒店；西安沣东丝路中心亚朵酒店；西安高新锦业路亚朵酒店；西安西京医院胡家庙地铁站亚朵酒店；西安西京医院康复路地铁站亚朵酒店
610200,铜川市,108.979608,34.916582,610000,0,0,
610300,宝鸡市,107.14487,34.369315,610000,2,1-9,宝鸡行政中心高铁南站亚朵酒店；宝鸡高新高铁南站行政大道亚朵酒店大堂
610400,咸阳市,108.705117,34.333439,610000,8,1-9,西安咸阳国际机场亚朵酒店；西安咸阳国际机场临空会展中心亚朵酒店；西安咸阳国际机场亚朵酒店(西咸新区空港新城店)门前停车场-入口；西安咸阳国际机场亚朵酒店-地上停车场；亚朵酒店门前停车场-入口；西安咸阳国际机场亚朵酒店(西咸新区空港新城店)-门前停车场；亚朵酒店-门前停车场；西安咸阳国际机场亚朵酒店-西门
610500,渭南市,109.502882,34.499381,610000,2,1-9,亚朵宾馆；轻住·亚朵映象酒店(韩城爱琴海购物中心店)
610600,延安市,109.49081,36.596537,610000,7,1-9,亚朵酒店(延安新区市政府店)；延安新区鲁艺公园亚朵酒店；延安革命纪念馆枣园大道亚朵酒店；延安百米大道宝塔山亚朵酒店；亚朵酒店(延安新区市政府店)-地下停车场；延安百米大道宝塔山亚朵酒店-地上停车场；延安枣园亚朵酒店(延安枣园店)-停车场
610700,汉中市,107.028621,33.077668,610000,0,0,
610800,榆林市,109.741193,38.290162,610000,10,10+,榆林站榆阳西路亚朵酒店；榆林万达广场明珠大道亚朵酒店；榆林老街长城南路亚朵X酒店；亚朵酒店-西门；榆林万达广场明珠大道亚朵酒店-门前停车场；榆林榆阳西路火车站亚朵酒店-地上停车场；榆林榆阳西路火车站亚朵酒店地上停车场-入口；榆林万达广场明珠大道亚朵酒店门前停车场-入口；榆林万达广场明珠大道亚朵酒店门前停车场-出入口；榆林榆阳西路火车站亚朵酒店地上停车场-出口
610900,安康市,109.029273,32.6903,610000,1,1-9,亚朵酒店(安康文昌路店)-地下停车场
611000,商洛市,109.939776,33.868319,610000,2,1-9,山阳亚朵酒店；途客中国轻居酒店(商洛山阳汽车站万城都市广场店)
620100,兰州市,103.823557,36.058039,620000,10,10+,兰州西关正宁路亚朵酒店；兰州中心敦煌路亚朵酒店；兰州东方红广场兰州大学亚朵酒店；兰州西关张掖路步行街亚朵酒店；兰州西站瓜州路亚朵酒店；兰州中川机场鹏博中央广场亚朵酒店；兰州五里铺省人民医院亚朵酒店；兰州西固凯地商业中心亚朵酒店；兰州会展中心高空河景亚朵S酒店；兰州东部市场气象局地铁站亚朵酒店
620200,嘉峪关市,98.277304,39.786529,620000,0,0,
620300,金昌市,102.187888,38.514238,620000,0,0,
620400,白银市,104.173606,36.54568,620000,0,0,
620500,天水市,105.724998,34.578529,620000,1,1-9,陌上轻居酒店(天水南站桥南建材城店)
620600,武威市,102.634697,37.929996,620000,0,0,
620700,张掖市,100.455472,38.932897,620000,3,1-9,一路亚朵酒店(张掖七彩丹霞景区店)；张掖西站爱琴海购物中心亚朵酒店；雅朵轻居酒店(七彩丹霞景区店)
620800,平凉市,106.684691,35.54279,620000,3,1-9,神州租车(平凉亚朵酒店自助点)；平凉绿地广场亚朵酒店-门前停车场；平凉绿地广场亚朵酒店门前停车场-入口
620900,酒泉市,98.510795,39.744023,620000,4,1-9,酒泉鼓楼西汉胜迹亚朵酒店；敦煌沙州夜市北门亚朵酒店；敦煌夜市甘泉路亚朵见野酒店；中国铁塔充电站(酒泉市肃州区亚朵酒店充电站)
621000,庆阳市,107.638372,35.734218,620000,0,0,
621100,定西市,104.626294,35.579578,620000,3,1-9,神州租车(定西亚朵酒店自助点)；渝富桥(定西亚朵酒店店)；途客中国轻居酒店(定西万达广场店)
621200,陇南市,104.929379,33.388598,620000,0,0,
622900,临夏回族自治州,103.212006,35.599446,620000,0,0,
623000,甘南藏族自治州,102.911008,34.986354,620000,1,1-9,途客轻居酒店(甘南合作店)
630100,西宁市,101.778916,36.623178,630000,4,1-9,西宁兴海路中心广场亚朵酒店；西宁海湖新区国投广场亚朵S酒店；亚朵酒店餐饮部；西宁海湖新区国投广场亚朵S酒店-地上停车场
630200,海东市,102.10327,36.502916,630000,0,0,
632200,海北藏族自治州,100.901059,36.959435,630000,0,0,
632300,黄南藏族自治州,102.019988,35.517744,630000,0,0,
632500,海南藏族自治州,100.619542,36.280353,630000,0,0,
632600,果洛藏族自治州,100.242143,34.4736,630000,0,0,
632700,玉树藏族自治州,97.008522,33.004049,630000,0,0,
632800,海西蒙古族藏族自治州,97.370785,37.374663,630000,2,1-9,格尔木站黄河中路亚朵酒店；格尔木亚朵酒店充电站
640100,银川市,106.278179,38.46637,640000,9,1-9,银川鼓楼步行街亚朵酒店；银川丽景湖解放东路亚朵酒店；银川金凤万达正源北街亚朵酒店；银川丽景北街江宁中心亚朵酒店；银川鼓楼玉皇阁北街亚朵酒店；银川怀远夜市北京西路亚朵酒店；银川砂之船奥莱丽景南街亚朵酒店；银川金凤通达南街亚朵酒店；亚朵酒店(南熏东路店)-停车场
640200,石嘴山市,106.376173,39.01333,640000,0,0,
640300,吴忠市,106.199409,37.986165,640000,0,0,
640400,固原市,106.285241,36.004561,640000,2,1-9,固原博物馆亚朵酒店；亚朵酒店消控室
640500,中卫市,105.189568,37.514951,640000,4,1-9,中卫鼓楼步行街亚朵酒店；中卫鼓楼步行街亚朵酒店-地上停车场；中卫鼓楼步行街亚朵酒店地上停车场-南出入口；中卫鼓楼步行街亚朵酒店地上停车场-北出入口
650100,乌鲁木齐市,87.617733,43.792818,650000,10,10+,亚朵酒店(乌鲁木齐市政府南湖市民广场店)；乌鲁木齐会展中心亚朵酒店；乌鲁木齐国际会展中心吾悦广场亚朵酒店；乌鲁木齐国际大巴扎人民电影院亚朵酒店；乌鲁木齐医学院师范大学亚朵酒店；乌鲁木齐国际大巴扎民街亚朵酒店；乌鲁木齐CCMALL时代广场新民路亚朵酒店；乌鲁木齐国际机场北京北路亚朵酒店；乌鲁木齐红山公园扬子江路亚朵酒店；乌鲁木齐机场德港万达亚朵酒店
650200,克拉玛依市,84.873946,45.595886,650000,8,1-9,克拉玛依泰富广场南环路亚朵酒店；克拉玛依一号井汇源路亚朵酒店；克拉玛依市独山子独库公路零起点亚朵酒店；亚朵酒店(克拉玛依市独山子独库公路零起点店)-地上停车场；亚朵酒店(克拉玛依市独山子独库公路零起点店)地上停车场-出入口；亚朵酒店(南环路店)-地上停车场；亚朵酒店(独山子独库公路零起点店)地上停车场-出入口；亚朵酒店(南环路店)地上停车场-出入口
650400,吐鲁番市,89.184078,42.947613,650000,3,1-9,吐鲁番博物馆文化西路亚朵酒店；吐鲁番国泰民生广场军民共建路亚朵酒店；吐鲁番文化西路亚朵酒店东南侧-门前停车场
650500,哈密市,93.51316,42.833248,650000,5,1-9,哈密汇嘉时代建国北路亚朵酒店；哈密伊州区七一夜市亚朵酒店；亚朵酒店(建国北路店)-地上停车场；亚朵酒店(建业名庭店)-地上停车场；蔚景云充电站(亚朵酒店)
652300,昌吉回族自治州,87.304012,44.014577,650000,1,1-9,昌吉万博学府亚朵酒店大堂
652700,博尔塔拉蒙古自治州,82.074778,44.903258,650000,5,1-9,赛里木湖景区游客中心亚朵酒店；博乐友好购物中心团结北路亚朵酒店；博乐开屏湖公园团结南路亚朵酒店(V3·6)；博乐友好购物中心团结北路亚朵酒店(友谊路店)-地上停车场；博乐友好购物中心团结北路亚朵酒店(友谊路店)地上停车场-出入口
652800,巴音郭楞蒙古自治州,86.150969,41.768552,650000,6,1-9,库尔勒孔雀河景观带滨河西路亚朵酒店；库尔勒人民广场天鹅湖景区亚朵酒店；库尔勒亚朵酒店大堂；库尔勒九鼎市场鸿雁河亚朵酒店；亚朵酒店(建国南路店)-地上停车场；亚朵酒店(建国南路店)地上停车场-出入口
652900,阿克苏地区,80.265068,41.170712,650000,4,1-9,亚朵酒店；亚朵酒店阿克苏政务服务中心店；阿克苏老街河南东路亚朵酒店；库车步行街五一南路亚朵酒店
653000,克孜勒苏柯尔克孜自治州,76.172825,39.713431,650000,0,0,
653100,喀什地区,75.989138,39.467664,650000,9,1-9,喀什古城步行街亚朵酒店；喀什古城高台民居亚朵酒店；喀什古城昆仑塔亚朵酒店；喀什万达广场亚朵酒店；喀什东城审批局亚朵酒店；亚朵酒店(莎车人民政府迎宾路店)；喀什徕宁国际机场迎宾大道亚朵酒店；喀什塔县帕米尔旅游区亚朵酒店；喀什古城万达广场解放南路亚朵酒店
653200,和田地区,79.92533,37.110687,650000,7,1-9,和田夜市团结广场亚朵酒店；和田站乌鲁木齐北路亚朵酒店；和田博物馆迎宾路亚朵酒店；和田团结广场亚朵酒店大堂；亚朵酒店(和田火车站乌鲁木齐路店)-地上停车场；亚朵酒店公共厕所；亚朵酒店(和田火车站乌鲁木齐路店)地上停车场-出入口
654000,伊犁哈萨克自治州,81.317946,43.92186,650000,9,1-9,伊宁市行政服务中心广东路亚朵酒店；伊宁广仁郡亚朵酒店；奎屯友好购物中心团结南街亚朵酒店；亚朵酒店；亚朵酒店(伊犁那拉提旅游风景区客运站店)；伊宁市上海城解放西路亚朵酒店；奎屯西公园奎阿高速亚朵酒店；伊宁喀赞其民俗旅游区红旗路亚朵酒店；伊犁那拉提旅游风景区客运站亚朵酒店
654200,塔城地区,82.985732,46.746301,650000,0,0,
654300,阿勒泰地区,88.13963,47.848393,650000,4,1-9,阿勒泰万驰广场迎宾路亚朵酒店；可可托海亚朵酒店；阿勒泰布尔津禾木游客中心亚朵见野酒店；阿勒泰亚朵酒店大堂
659001,石河子市,86.041075,44.305886,650000,2,1-9,石河子步行街西环路亚朵酒店；石河子军垦博物馆幸福路亚朵酒店
659002,阿拉尔市,81.285884,40.541914,650000,0,0,
659003,图木舒克市,79.077978,39.867316,650000,0,0,
659004,五家渠市,87.526884,44.167401,650000,0,0,
659005,北屯市,87.824932,47.353177,650000,0,0,
659006,铁门关市,85.501218,41.827251,650000,0,0,
659007,双河市,82.353656,44.840524,650000,0,0,
659008,可克达拉市,80.63579,43.6832,650000,0,0,
659009,昆玉市,79.287372,37.207994,650000,0,0,
659010,胡杨河市,84.8275959,44.69288853,650000,0,0,
